{
    "powderAmounts": {
        "x": 493.6666564941406,
        "y": 322.6666564941406
    },
    "chestCords": {
        "x": 526.3333129882812,
        "y": 306.3333435058594
    }
}